[
{
  "model": "recipes.ingredientname",
  "pk": 1,
  "fields": {
    "name": "beef shank"
  }
},
{
  "model": "recipes.ingredientname",
  "pk": 2,
  "fields": {
    "name": "garlic"
  }
},
{
  "model": "recipes.ingredientname",
  "pk": 3,
  "fields": {
    "name": "scallion"
  }
},
{
  "model": "recipes.ingredientname",
  "pk": 4,
  "fields": {
    "name": "ginger slices"
  }
},
{
  "model": "recipes.ingredientname",
  "pk": 5,
  "fields": {
    "name": "aniseed"
  }
},
{
  "model": "recipes.ingredientname",
  "pk": 6,
  "fields": {
    "name": "cinnamon"
  }
},
{
  "model": "recipes.ingredientname",
  "pk": 7,
  "fields": {
    "name": "crystal sugar"
  }
},
{
  "model": "recipes.ingredientname",
  "pk": 8,
  "fields": {
    "name": "rice wine"
  }
},
{
  "model": "recipes.ingredientname",
  "pk": 9,
  "fields": {
    "name": "bay leaf"
  }
},
{
  "model": "recipes.ingredientname",
  "pk": 10,
  "fields": {
    "name": "dried pepper"
  }
},
{
  "model": "recipes.ingredientname",
  "pk": 11,
  "fields": {
    "name": "sichuan pepper"
  }
},
{
  "model": "recipes.ingredientname",
  "pk": 12,
  "fields": {
    "name": "dark soy sauce"
  }
},
{
  "model": "recipes.ingredientname",
  "pk": 13,
  "fields": {
    "name": "salt"
  }
},
{
  "model": "recipes.ingredientname",
  "pk": 14,
  "fields": {
    "name": "dried abalones"
  }
},
{
  "model": "recipes.ingredientname",
  "pk": 15,
  "fields": {
    "name": "dried sea cucumber"
  }
},
{
  "model": "recipes.ingredientname",
  "pk": 16,
  "fields": {
    "name": "fish maws"
  }
},
{
  "model": "recipes.ingredientname",
  "pk": 17,
  "fields": {
    "name": "dried scallops"
  }
},
{
  "model": "recipes.ingredientunit",
  "pk": 1,
  "fields": {
    "name": "kg"
  }
},
{
  "model": "recipes.ingredientunit",
  "pk": 2,
  "fields": {
    "name": "pieces"
  }
},
{
  "model": "recipes.ingredientunit",
  "pk": 3,
  "fields": {
    "name": "g"
  }
},
{
  "model": "recipes.ingredientunit",
  "pk": 4,
  "fields": {
    "name": "ml"
  }
},
{
  "model": "recipes.ingredientunit",
  "pk": 5,
  "fields": {
    "name": "pinch"
  }
},
{
  "model": "recipes.ingredient",
  "pk": 1,
  "fields": {
    "name": 1,
    "unit": 1,
    "amount": "1",
    "note": ""
  }
},
{
  "model": "recipes.ingredient",
  "pk": 2,
  "fields": {
    "name": 2,
    "unit": 2,
    "amount": "8",
    "note": ""
  }
},
{
  "model": "recipes.ingredient",
  "pk": 3,
  "fields": {
    "name": 3,
    "unit": null,
    "amount": "1",
    "note": ""
  }
},
{
  "model": "recipes.ingredient",
  "pk": 4,
  "fields": {
    "name": 4,
    "unit": null,
    "amount": "3-4",
    "note": ""
  }
},
{
  "model": "recipes.ingredient",
  "pk": 5,
  "fields": {
    "name": 5,
    "unit": null,
    "amount": "1",
    "note": ""
  }
},
{
  "model": "recipes.ingredient",
  "pk": 6,
  "fields": {
    "name": 6,
    "unit": 3,
    "amount": "2",
    "note": ""
  }
},
{
  "model": "recipes.ingredient",
  "pk": 7,
  "fields": {
    "name": 7,
    "unit": 3,
    "amount": "10",
    "note": ""
  }
},
{
  "model": "recipes.ingredient",
  "pk": 8,
  "fields": {
    "name": 8,
    "unit": 4,
    "amount": "15",
    "note": ""
  }
},
{
  "model": "recipes.ingredient",
  "pk": 9,
  "fields": {
    "name": 9,
    "unit": 3,
    "amount": "2",
    "note": ""
  }
},
{
  "model": "recipes.ingredient",
  "pk": 10,
  "fields": {
    "name": 10,
    "unit": 3,
    "amount": "3",
    "note": ""
  }
},
{
  "model": "recipes.ingredient",
  "pk": 11,
  "fields": {
    "name": 11,
    "unit": 3,
    "amount": "3",
    "note": ""
  }
},
{
  "model": "recipes.ingredient",
  "pk": 12,
  "fields": {
    "name": 12,
    "unit": 4,
    "amount": "10",
    "note": ""
  }
},
{
  "model": "recipes.ingredient",
  "pk": 13,
  "fields": {
    "name": 13,
    "unit": 5,
    "amount": "1",
    "note": "(or to taste)"
  }
},
{
  "model": "recipes.ingredient",
  "pk": 14,
  "fields": {
    "name": 14,
    "unit": null,
    "amount": "4",
    "note": ""
  }
},
{
  "model": "recipes.ingredient",
  "pk": 15,
  "fields": {
    "name": 15,
    "unit": null,
    "amount": "4",
    "note": ""
  }
},
{
  "model": "recipes.ingredient",
  "pk": 16,
  "fields": {
    "name": 16,
    "unit": null,
    "amount": "4",
    "note": ""
  }
},
{
  "model": "recipes.ingredient",
  "pk": 17,
  "fields": {
    "name": 17,
    "unit": null,
    "amount": "4",
    "note": ""
  }
},
{
  "model": "recipes.recipe",
  "pk": 1,
  "fields": {
    "name": "Stewed Beef",
    "description": "",
    "cooking_step": "1. Cut the beef into big cubes; soak in water for 2 hours, change the water, and then soak it for another 2 hours.\r\n2. Boil beef in cold water, cook 2 mins after boiling to remove the blood and dirt. Take out and put aside.\r\n3. Put the beef and all the ingredients in the cooking pot. Add water just enough to cover the beef.\r\n4. Close and lock the lid.\r\n5. Select \"Beef/Lamb\" function, default pressure, set 45 mins.\r\n6. When time is up, you may enjoy it",
    "ingredient": [
      1,
      2,
      3,
      4,
      5,
      6,
      7,
      8,
      9,
      10,
      11,
      12,
      13
    ]
  }
},
{
  "model": "recipes.recipe",
  "pk": 2,
  "fields": {
    "name": "Fo Tiao Qiang",
    "description": "",
    "cooking_step": "1. Soak all the dried sea food in water for one night and clean afterward.\r\n2. Boil the pork to remove the blood and dirt. 2 mins after the water gets boiled, take out the pork, and put aside.\r\n3. Put the pork and all the other ingredients and water in the cooking pot.\r\n4. Select \"Chicken/Duck\", default pressure, set 30 mins and press start.\r\n5. Open the lid when time is up.\r\n6. You may enjoy it now",
    "ingredient": [
      14,
      15,
      16,
      17
    ]
  }
},
{
  "model": "users.user",
  "pk": 1,
  "fields": {
    "password": "pbkdf2_sha256$180000$8aw7LSkQmRuj$9/goLgALJ7pxjH9/UW5HnSia4pNge3KEeD1RFuYDdQY=",
    "last_login": "2020-05-31T09:45:55.755Z",
    "is_superuser": true,
    "username": "admin",
    "first_name": "",
    "last_name": "",
    "is_staff": true,
    "is_active": true,
    "date_joined": "2020-05-31T09:45:49.748Z",
    "email": "admin@example.com",
    "groups": [],
    "user_permissions": []
  }
}
]
