[
{
  "model": "users.user",
  "pk": 1,
  "fields": {
    "password": "pbkdf2_sha256$216000$SOBSc4MARmRf$pWONfE+AmyqbsdNtaPT3emFUoGxbLJFvgJk0MrhMsgk=",
    "last_login": "2020-08-18T08:18:18.314Z",
    "is_superuser": true,
    "username": "admin",
    "first_name": "",
    "last_name": "",
    "is_staff": true,
    "is_active": true,
    "date_joined": "2020-08-18T07:53:25.571Z",
    "email": "admin@example.com",
    "groups": [],
    "user_permissions": []
  }
},
{
  "model": "recipes.recipe",
  "pk": 1,
  "fields": {
    "name": "Frozen Vegetable Stir-Fry",
    "description": "Soy sauce and peanut butter add a nice Thai-style flavor to this stir-fry. Using frozen vegetables makes it a very quick and tasty vegetable side dish.",
    "difficulty": 1,
    "created_by": 1,
    "tags": [
      1,
      2
    ]
  }
},
{
  "model": "recipes.recipe",
  "pk": 2,
  "fields": {
    "name": "Air Fryer Lemon Pepper Shrimp",
    "description": "These easy-to-make air fryer shrimp can be served with a salad or on top of rice or pasta. Also great as a cold appetizer.",
    "difficulty": 2,
    "created_by": 1,
    "tags": [
      3
    ]
  }
},
{
  "model": "recipes.recipe",
  "pk": 3,
  "fields": {
    "name": "Blueberry Muffin Cake",
    "description": "A delicious breakfast coffee cake that tastes like your favorite blueberry muffins.",
    "difficulty": 2,
    "created_by": 1,
    "tags": [
      4
    ]
  }
},
{
  "model": "recipes.recipe",
  "pk": 4,
  "fields": {
    "name": "Spiced Orange Olive Oil Cake",
    "description": "With just a touch of sweetness, this olive oil cake has a hint of orange zest and five-spice powder. If you don't eat it all the first day, cut it into cubes and layer with whipped cream and oranges, or toast and slather with honey.",
    "difficulty": 3,
    "created_by": 1,
    "tags": []
  }
},
{
  "model": "recipes.media",
  "pk": 1,
  "fields": {
    "media_type": "IMG",
    "media": "recipes/frozen-vege.jpg",
    "recipe": 1
  }
},
{
  "model": "recipes.media",
  "pk": 2,
  "fields": {
    "media_type": "IMG",
    "media": "recipes/AirFryerLemonPepperShrimp.jpg",
    "recipe": 2
  }
},
{
  "model": "recipes.media",
  "pk": 3,
  "fields": {
    "media_type": "IMG",
    "media": "recipes/Blueberry-Muffin-Cake.jpg",
    "recipe": 3
  }
},
{
  "model": "recipes.media",
  "pk": 4,
  "fields": {
    "media_type": "IMG",
    "media": "recipes/spicedorangecake.jpg",
    "recipe": 4
  }
},
{
  "model": "ingredients.ingredientgroup",
  "pk": 1,
  "fields": {
    "name": "",
    "recipe": 1
  }
},
{
  "model": "ingredients.ingredientgroup",
  "pk": 2,
  "fields": {
    "name": "",
    "recipe": 2
  }
},
{
  "model": "ingredients.ingredientgroup",
  "pk": 3,
  "fields": {
    "name": "",
    "recipe": 3
  }
},
{
  "model": "ingredients.ingredientgroup",
  "pk": 4,
  "fields": {
    "name": "",
    "recipe": 4
  }
},
{
  "model": "ingredients.ingredientname",
  "pk": 1,
  "fields": {
    "name": "2 tablespoons soy sauce"
  }
},
{
  "model": "ingredients.ingredientname",
  "pk": 2,
  "fields": {
    "name": "1 tablespoon brown sugar"
  }
},
{
  "model": "ingredients.ingredientname",
  "pk": 3,
  "fields": {
    "name": "2 teaspoons garlic powder"
  }
},
{
  "model": "ingredients.ingredientname",
  "pk": 4,
  "fields": {
    "name": "2 teaspoons peanut butter"
  }
},
{
  "model": "ingredients.ingredientname",
  "pk": 5,
  "fields": {
    "name": "2 teaspoons olive oil"
  }
},
{
  "model": "ingredients.ingredientname",
  "pk": 6,
  "fields": {
    "name": "1 (16 ounces) package frozen mixed vegetables"
  }
},
{
  "model": "ingredients.ingredientname",
  "pk": 7,
  "fields": {
    "name": "1 tablespoon olive oil"
  }
},
{
  "model": "ingredients.ingredientname",
  "pk": 8,
  "fields": {
    "name": "1 lemon, juiced"
  }
},
{
  "model": "ingredients.ingredientname",
  "pk": 9,
  "fields": {
    "name": "1 teaspoon lemon pepper"
  }
},
{
  "model": "ingredients.ingredientname",
  "pk": 10,
  "fields": {
    "name": "¼ teaspoon paprika"
  }
},
{
  "model": "ingredients.ingredientname",
  "pk": 11,
  "fields": {
    "name": "¼ teaspoon garlic powder"
  }
},
{
  "model": "ingredients.ingredientname",
  "pk": 12,
  "fields": {
    "name": "12 ounces uncooked medium shrimp, peeled and deveined"
  }
},
{
  "model": "ingredients.ingredientname",
  "pk": 13,
  "fields": {
    "name": "1 lemon, sliced"
  }
},
{
  "model": "ingredients.ingredientname",
  "pk": 14,
  "fields": {
    "name": "1 serving cooking spray"
  }
},
{
  "model": "ingredients.ingredientname",
  "pk": 15,
  "fields": {
    "name": "1 cup blueberries"
  }
},
{
  "model": "ingredients.ingredientname",
  "pk": 16,
  "fields": {
    "name": "1 ½ cups all-purpose flour, divided"
  }
},
{
  "model": "ingredients.ingredientname",
  "pk": 17,
  "fields": {
    "name": "½ cup white sugar"
  }
},
{
  "model": "ingredients.ingredientname",
  "pk": 18,
  "fields": {
    "name": "¼ cup of vegetable oil"
  }
},
{
  "model": "ingredients.ingredientname",
  "pk": 19,
  "fields": {
    "name": "½ cup milk"
  }
},
{
  "model": "ingredients.ingredientname",
  "pk": 20,
  "fields": {
    "name": "1 egg"
  }
},
{
  "model": "ingredients.ingredientname",
  "pk": 21,
  "fields": {
    "name": "1 teaspoon vanilla extract"
  }
},
{
  "model": "ingredients.ingredientname",
  "pk": 22,
  "fields": {
    "name": "3 teaspoons baking powder"
  }
},
{
  "model": "ingredients.ingredientname",
  "pk": 23,
  "fields": {
    "name": "½ teaspoon salt"
  }
},
{
  "model": "ingredients.ingredientname",
  "pk": 24,
  "fields": {
    "name": "½ cup brown sugar"
  }
},
{
  "model": "ingredients.ingredientname",
  "pk": 25,
  "fields": {
    "name": "⅓ cup all-purpose flour"
  }
},
{
  "model": "ingredients.ingredientname",
  "pk": 26,
  "fields": {
    "name": "2 teaspoons cinnamon"
  }
},
{
  "model": "ingredients.ingredientname",
  "pk": 27,
  "fields": {
    "name": "¼ cup butter"
  }
},
{
  "model": "ingredients.ingredientname",
  "pk": 28,
  "fields": {
    "name": "4 large eggs eggs"
  }
},
{
  "model": "ingredients.ingredientname",
  "pk": 29,
  "fields": {
    "name": "¾ cup white sugar"
  }
},
{
  "model": "ingredients.ingredientname",
  "pk": 30,
  "fields": {
    "name": "⅔ cup extra-virgin olive oil"
  }
},
{
  "model": "ingredients.ingredientname",
  "pk": 31,
  "fields": {
    "name": "2 tablespoons fresh orange zest"
  }
},
{
  "model": "ingredients.ingredientname",
  "pk": 32,
  "fields": {
    "name": "1 teaspoon Chinese five-spice powder"
  }
},
{
  "model": "ingredients.ingredientname",
  "pk": 33,
  "fields": {
    "name": "1 ½ cups all-purpose flour"
  }
},
{
  "model": "ingredients.ingredientname",
  "pk": 34,
  "fields": {
    "name": "1 tablespoon baking powder"
  }
},
{
  "model": "ingredients.ingredientname",
  "pk": 35,
  "fields": {
    "name": "1 pinch salt"
  }
},
{
  "model": "ingredients.ingredient",
  "pk": 1,
  "fields": {
    "name": 1,
    "unit": null,
    "amount": "",
    "note": "",
    "group": 1
  }
},
{
  "model": "ingredients.ingredient",
  "pk": 2,
  "fields": {
    "name": 2,
    "unit": null,
    "amount": "",
    "note": "",
    "group": 1
  }
},
{
  "model": "ingredients.ingredient",
  "pk": 3,
  "fields": {
    "name": 3,
    "unit": null,
    "amount": "",
    "note": "",
    "group": 1
  }
},
{
  "model": "ingredients.ingredient",
  "pk": 4,
  "fields": {
    "name": 4,
    "unit": null,
    "amount": "",
    "note": "",
    "group": 1
  }
},
{
  "model": "ingredients.ingredient",
  "pk": 5,
  "fields": {
    "name": 5,
    "unit": null,
    "amount": "",
    "note": "",
    "group": 1
  }
},
{
  "model": "ingredients.ingredient",
  "pk": 6,
  "fields": {
    "name": 6,
    "unit": null,
    "amount": "",
    "note": "",
    "group": 1
  }
},
{
  "model": "ingredients.ingredient",
  "pk": 7,
  "fields": {
    "name": 7,
    "unit": null,
    "amount": "",
    "note": "",
    "group": 2
  }
},
{
  "model": "ingredients.ingredient",
  "pk": 8,
  "fields": {
    "name": 8,
    "unit": null,
    "amount": "",
    "note": "",
    "group": 2
  }
},
{
  "model": "ingredients.ingredient",
  "pk": 9,
  "fields": {
    "name": 9,
    "unit": null,
    "amount": "",
    "note": "",
    "group": 2
  }
},
{
  "model": "ingredients.ingredient",
  "pk": 10,
  "fields": {
    "name": 10,
    "unit": null,
    "amount": "",
    "note": "",
    "group": 2
  }
},
{
  "model": "ingredients.ingredient",
  "pk": 11,
  "fields": {
    "name": 11,
    "unit": null,
    "amount": "",
    "note": "",
    "group": 2
  }
},
{
  "model": "ingredients.ingredient",
  "pk": 12,
  "fields": {
    "name": 12,
    "unit": null,
    "amount": "",
    "note": "",
    "group": 2
  }
},
{
  "model": "ingredients.ingredient",
  "pk": 13,
  "fields": {
    "name": 13,
    "unit": null,
    "amount": "",
    "note": "",
    "group": 2
  }
},
{
  "model": "ingredients.ingredient",
  "pk": 14,
  "fields": {
    "name": 14,
    "unit": null,
    "amount": "",
    "note": "",
    "group": 3
  }
},
{
  "model": "ingredients.ingredient",
  "pk": 15,
  "fields": {
    "name": 15,
    "unit": null,
    "amount": "",
    "note": "",
    "group": 3
  }
},
{
  "model": "ingredients.ingredient",
  "pk": 16,
  "fields": {
    "name": 16,
    "unit": null,
    "amount": "",
    "note": "",
    "group": 3
  }
},
{
  "model": "ingredients.ingredient",
  "pk": 17,
  "fields": {
    "name": 17,
    "unit": null,
    "amount": "",
    "note": "",
    "group": 3
  }
},
{
  "model": "ingredients.ingredient",
  "pk": 18,
  "fields": {
    "name": 18,
    "unit": null,
    "amount": "",
    "note": "",
    "group": 3
  }
},
{
  "model": "ingredients.ingredient",
  "pk": 19,
  "fields": {
    "name": 19,
    "unit": null,
    "amount": "",
    "note": "",
    "group": 3
  }
},
{
  "model": "ingredients.ingredient",
  "pk": 20,
  "fields": {
    "name": 20,
    "unit": null,
    "amount": "",
    "note": "",
    "group": 3
  }
},
{
  "model": "ingredients.ingredient",
  "pk": 21,
  "fields": {
    "name": 21,
    "unit": null,
    "amount": "",
    "note": "",
    "group": 3
  }
},
{
  "model": "ingredients.ingredient",
  "pk": 22,
  "fields": {
    "name": 22,
    "unit": null,
    "amount": "",
    "note": "",
    "group": 3
  }
},
{
  "model": "ingredients.ingredient",
  "pk": 23,
  "fields": {
    "name": 23,
    "unit": null,
    "amount": "",
    "note": "",
    "group": 3
  }
},
{
  "model": "ingredients.ingredient",
  "pk": 24,
  "fields": {
    "name": 24,
    "unit": null,
    "amount": "",
    "note": "",
    "group": 3
  }
},
{
  "model": "ingredients.ingredient",
  "pk": 25,
  "fields": {
    "name": 25,
    "unit": null,
    "amount": "",
    "note": "",
    "group": 3
  }
},
{
  "model": "ingredients.ingredient",
  "pk": 26,
  "fields": {
    "name": 26,
    "unit": null,
    "amount": "",
    "note": "",
    "group": 3
  }
},
{
  "model": "ingredients.ingredient",
  "pk": 27,
  "fields": {
    "name": 27,
    "unit": null,
    "amount": "",
    "note": "",
    "group": 3
  }
},
{
  "model": "ingredients.ingredient",
  "pk": 28,
  "fields": {
    "name": 28,
    "unit": null,
    "amount": "",
    "note": "",
    "group": 4
  }
},
{
  "model": "ingredients.ingredient",
  "pk": 29,
  "fields": {
    "name": 29,
    "unit": null,
    "amount": "",
    "note": "",
    "group": 4
  }
},
{
  "model": "ingredients.ingredient",
  "pk": 30,
  "fields": {
    "name": 30,
    "unit": null,
    "amount": "",
    "note": "",
    "group": 4
  }
},
{
  "model": "ingredients.ingredient",
  "pk": 31,
  "fields": {
    "name": 31,
    "unit": null,
    "amount": "",
    "note": "",
    "group": 4
  }
},
{
  "model": "ingredients.ingredient",
  "pk": 32,
  "fields": {
    "name": 32,
    "unit": null,
    "amount": "",
    "note": "",
    "group": 4
  }
},
{
  "model": "ingredients.ingredient",
  "pk": 33,
  "fields": {
    "name": 33,
    "unit": null,
    "amount": "",
    "note": "",
    "group": 4
  }
},
{
  "model": "ingredients.ingredient",
  "pk": 34,
  "fields": {
    "name": 34,
    "unit": null,
    "amount": "",
    "note": "",
    "group": 4
  }
},
{
  "model": "ingredients.ingredient",
  "pk": 35,
  "fields": {
    "name": 35,
    "unit": null,
    "amount": "",
    "note": "",
    "group": 4
  }
},
{
  "model": "steps.step",
  "pk": 1,
  "fields": {
    "recipe": 1,
    "step": "Combine soy sauce, brown sugar, garlic powder, and peanut butter in a small bowl."
  }
},
{
  "model": "steps.step",
  "pk": 2,
  "fields": {
    "recipe": 1,
    "step": "Heat oil in a large skillet over medium heat; cook and stir frozen vegetables until just tender, 5 to 7 minutes. Remove from heat and fold in soy sauce mixture."
  }
},
{
  "model": "steps.step",
  "pk": 3,
  "fields": {
    "recipe": 2,
    "step": "Preheat an air fryer to 400 degrees F (200 degrees C)."
  }
},
{
  "model": "steps.step",
  "pk": 4,
  "fields": {
    "recipe": 2,
    "step": "Combine olive oil, lemon juice, lemon pepper, paprika, and garlic powder in a bowl. Add shrimp and toss until coated."
  }
},
{
  "model": "steps.step",
  "pk": 5,
  "fields": {
    "recipe": 2,
    "step": "Place shrimp in the air fryer and cook until pink and firm, 6 to 8 minutes. Serve with lemon slices."
  }
},
{
  "model": "steps.step",
  "pk": 6,
  "fields": {
    "recipe": 3,
    "step": "Preheat the oven to 400 degrees F (200 degrees C). Spray an 8x8-inch baking pan with cooking spray."
  }
},
{
  "model": "steps.step",
  "pk": 7,
  "fields": {
    "recipe": 3,
    "step": "Toss blueberries and 1/2 cup of flour in a small bowl until blueberries are coated. Set aside."
  }
},
{
  "model": "steps.step",
  "pk": 8,
  "fields": {
    "recipe": 3,
    "step": "Beat together sugar and oil with an electric mixer in a large bowl. Add milk, egg, and vanilla extract. Mix remaining 1 cup flour, baking powder, and salt in a small bowl. Add flour mixture to sugar mixture; mix until just combined. fold in blueberry mixture. Pour batter into the prepared baking pan."
  }
},
{
  "model": "steps.step",
  "pk": 9,
  "fields": {
    "recipe": 3,
    "step": "Mix together brown sugar, 1/3 cup flour, and cinnamon in a bowl. Cut in butter until the topping mixture is crumbly. Sprinkle on top of the cake batter."
  }
},
{
  "model": "steps.step",
  "pk": 10,
  "fields": {
    "recipe": 3,
    "step": "Bake in the preheated oven until a toothpick inserted in the center comes out clean, about 30 minutes. Remove from oven and allow to cool before serving."
  }
},
{
  "model": "steps.step",
  "pk": 11,
  "fields": {
    "recipe": 4,
    "step": "Preheat oven to 350 degrees F (175 degrees C). Lightly oil and flour a loaf pan."
  }
},
{
  "model": "steps.step",
  "pk": 12,
  "fields": {
    "recipe": 4,
    "step": "Beat eggs in a bowl until lightened in color. Add sugar, olive oil, orange zest, and five-spice powder and beat until smooth. Fold flour, baking powder, and salt into egg mixture until batter is just mixed. Pour batter into the prepared loaf pan."
  }
},
{
  "model": "steps.step",
  "pk": 13,
  "fields": {
    "recipe": 4,
    "step": "Bake in the preheated oven until a toothpick inserted in the center comes out clean, about 45 minutes. Cool in the pan for 10 minutes. Remove cake from the pan and cool on a wire rack."
  }
},
{
  "model": "tags.tag",
  "pk": 1,
  "fields": {
    "name": "Quarantine Cooking",
    "image": ""
  }
},
{
  "model": "tags.tag",
  "pk": 2,
  "fields": {
    "name": "Easy",
    "image": ""
  }
},
{
  "model": "tags.tag",
  "pk": 3,
  "fields": {
    "name": "Air Fryer Recipes",
    "image": ""
  }
},
{
  "model": "tags.tag",
  "pk": 4,
  "fields": {
    "name": "Cake Recipes",
    "image": ""
  }
}
]
